ID,Block,Selection,Treatement,Sex,Femur,LW,RW,Thorax,Tibia,Wings,,
CHfF1,1,CU,HD,Female,0.345,1.148,1.112,0.722,0.373,1.13,,
CHfF2,1,CU,HD,Female,0.371,1.166,1.102,0.707,0.343,1.134,,
CHfF3,1,CU,HD,Female,0.343,0.996,0.924,0.623,0.343,0.96,,
CHfF4,1,CU,HD,Female,0.363,1,0.982,0.629,0.347,0.991,,
CHfF5,1,CU,HD,Female,0.351,0.95,0.931,0.595,0.358,0.9405,,
CHfF6,1,CU,HD,Female,0.342,0.97,1.02,0.531,0.287,0.995,,
CHfF7,1,CU,HD,Female,0.268,0.954,0.909,0.545,0.273,0.9315,,
CHfF8,1,CU,HD,Female,0.309,1.107,1.066,0.607,0.322,1.0865,,
CHfF9,1,CU,HD,Female,0.283,1.075,1.03,0.558,0.334,1.0525,,
CHfF10,1,CU,HD,Female,0.363,1.087,1.099,0.636,0.354,1.093,,
CHfF11,1,CU,HD,Female,0.366,1.139,1.099,0.705,0.355,1.119,,
CHfF12,1,CU,HD,Female,0.329,1.115,1.059,0.645,0.345,1.087,,
CHfF13,1,CU,HD,Female,0.359,1.084,1.033,0.573,0.324,1.0585,,
CHfF14,1,CU,HD,Female,0.345,1.053,1.02,0.629,0.331,1.0365,,
CHfF15,1,CU,HD,Female,0.317,1.058,1.065,0.613,0.338,1.0615,,
CHmF1,1,CU,HD,Male,0.313,0.985,0.997,0.576,0.316,0.991,,
CHmF2,1,CU,HD,Male,0.374,0.886,0.889,0.456,0.317,0.8875,,
CHmF3,1,CU,HD,Male,0.395,1.099,1.102,0.623,0.374,1.1005,,
CHmF4,1,CU,HD,Male,0.326,1.009,1.019,0.529,0.297,1.014,,
CHmF5,1,CU,HD,Male,0.295,0.996,1.001,0.55,0.371,0.9985,,
CHmF6,1,CU,HD,Male,0.294,1.002,1.009,0.547,0.351,1.0055,,
CHmF7,1,CU,HD,Male,0.368,1.024,1.026,0.51,0.322,1.025,,
CHmF8,1,CU,HD,Male,0.309,0.933,0.959,0.523,0.27,0.946,,
CHmF9,1,CU,HD,Male,0.325,1,0.968,0.524,0.26,0.984,,
CHmF10,1,CU,HD,Male,0.328,0.872,0.879,0.508,0.335,0.8755,,
CHmF11,1,CU,HD,Male,0.39,0.963,0.99,0.59,0.322,0.9765,,
CHmF12,1,CU,HD,Male,0.385,0.884,0.858,0.479,0.296,0.871,,
CHmF13,1,CU,HD,Male,0.324,1.009,0.976,0.461,0.301,0.9925,,
CHmF14,1,CU,HD,Male,0.314,0.905,0.937,0.468,0.321,0.921,,
CHmF15,1,CU,HD,Male,0.351,0.978,1.017,0.531,0.321,0.9975,,
CIfF1,1,CU,ID,Female,0.43,1.239,1.199,0.705,0.38,1.219,,
CIfF2,1,CU,ID,Female,0.457,1.321,1.314,0.794,0.412,1.3175,,
CIfF3,1,CU,ID,Female,0.476,1.301,1.314,0.744,0.467,1.3075,,
CIfF4,1,CU,ID,Female,0.437,1.229,1.303,0.786,0.383,1.266,,
CIfF5,1,CU,ID,Female,0.399,1.182,1.217,0.752,0.393,1.1995,,
CIfF6,1,CU,ID,Female,0.451,1.205,1.213,0.705,0.364,1.209,,
CIfF7,1,CU,ID,Female,0.421,1.192,1.193,0.702,0.373,1.1925,,
CIfF8,1,CU,ID,Female,0.391,1.266,1.281,0.762,0.354,1.2735,,
CIfF9,1,CU,ID,Female,0.432,1.321,1.335,0.783,0.412,1.328,,
CIfF10,1,CU,ID,Female,0.402,1.275,1.257,0.723,0.414,1.266,,
CIfF11,1,CU,ID,Female,0.415,1.248,1.247,0.818,0.432,1.2475,,
CIfF12,1,CU,ID,Female,0.468,1.302,1.29,0.764,0.427,1.296,,
CIfF13,1,CU,ID,Female,0.425,1.205,1.214,0.731,0.409,1.2095,,
CIfF14,1,CU,ID,Female,0.389,1.208,1.234,0.744,0.384,1.221,,
CIfF15,1,CU,ID,Female,0.374,1.16,1.206,0.674,0.361,1.183,,
CImF1,1,CU,ID,Male,0.4,1.126,1.103,0.638,0.359,1.1145,,
CImF2,1,CU,ID,Male,0.433,1.16,1.174,0.683,0.368,1.167,,
CImF3,1,CU,ID,Male,0.383,1.104,1.118,0.645,0.403,1.111,,
CImF4,1,CU,ID,Male,0.408,1.108,1.099,0.65,0.425,1.1035,,
CImF5,1,CU,ID,Male,0.369,1.08,1.084,0.699,0.374,1.082,,
CImF6,1,CU,ID,Male,0.402,1.079,1.052,0.614,0.389,1.0655,,
CImF7,1,CU,ID,Male,0.417,1.112,1.139,0.71,0.391,1.1255,,
CImF8,1,CU,ID,Male,0.385,1.138,1.144,0.672,0.387,1.141,,
CImF9,1,CU,ID,Male,0.413,1.123,1.123,0.684,0.405,1.123,,
CImF10,1,CU,ID,Male,0.415,1.19,1.173,0.677,0.415,1.1815,,
CImF11,1,CU,ID,Male,0.429,1.199,1.194,0.699,0.392,1.1965,,
CImF12,1,CU,ID,Male,0.34,1.044,1.029,0.663,0.34,1.0365,,
CImF13,1,CU,ID,Male,0.355,1.125,1.146,0.64,0.382,1.1355,,
CImF14,1,CU,ID,Male,0.367,1.133,1.184,0.662,0.4,1.1585,,
CImF15,1,CU,ID,Male,0.387,1.16,1.138,0.698,0.383,1.149,,
CLfF1,1,CU,LD,Female,0.549,1.475,1.484,0.951,0.508,1.4795,,
CLfF2,1,CU,LD,Female,0.528,1.518,1.509,0.944,0.479,1.5135,,
CLfF3,1,CU,LD,Female,0.575,1.521,1.531,0.955,0.532,1.526,,
CLfF4,1,CU,LD,Female,0.549,1.541,1.505,0.951,0.491,1.523,,
CLfF5,1,CU,LD,Female,0.52,1.433,1.433,0.873,0.421,1.433,,
CLfF6,1,CU,LD,Female,0.56,1.496,1.472,0.9,0.515,1.484,,
CLfF7,1,CU,LD,Female,0.539,1.523,1.554,0.947,0.5,1.5385,,
CLfF8,1,CU,LD,Female,0.553,1.545,1.595,0.971,0.495,1.57,,
CLfF9,1,CU,LD,Female,0.52,1.43,1.431,0.945,0.508,1.4305,,
CLfF10,1,CU,LD,Female,0.599,1.498,1.43,0.984,0.473,1.464,,
CLfF11,1,CU,LD,Female,0.59,1.519,1.488,1.004,0.517,1.5035,,
CLfF12,1,CU,LD,Female,0.553,1.51,1.508,1.048,0.46,1.509,,
CLfF13,1,CU,LD,Female,0.564,1.469,1.433,0.952,0.442,1.451,,
CLfF14,1,CU,LD,Female,0.544,1.397,1.409,0.932,0.484,1.403,,
CLfF15,1,CU,LD,Female,0.558,1.479,1.505,0.901,0.48,1.492,,
CLmF1,1,CU,LD,Male,0.521,1.348,1.354,0.902,0.5,1.351,,
CLmF2,1,CU,LD,Male,0.526,1.329,1.279,0.816,0.483,1.304,,
CLmF3,1,CU,LD,Male,0.511,1.333,1.357,0.805,0.483,1.345,,
CLmF4,1,CU,LD,Male,0.511,1.334,1.328,0.791,0.493,1.331,,
CLmF5,1,CU,LD,Male,0.472,1.325,1.294,0.816,0.461,1.3095,,
CLmF6,1,CU,LD,Male,0.497,1.329,1.283,0.737,0.449,1.306,,
CLmF7,1,CU,LD,Male,0.533,1.339,1.297,0.79,0.485,1.318,,
CLmF8,1,CU,LD,Male,0.441,1.308,1.261,0.734,0.436,1.2845,,
CLmF9,1,CU,LD,Male,0.52,1.249,1.303,0.793,0.481,1.276,,
CLmF10,1,CU,LD,Male,0.521,1.377,1.355,0.771,0.476,1.366,,
CLmF11,1,CU,LD,Male,0.463,1.325,1.348,0.802,0.483,1.3365,,
CLmF12,1,CU,LD,Male,0.555,1.366,1.355,0.77,0.542,1.3605,,
CLmF13,1,CU,LD,Male,0.529,1.368,1.301,0.759,0.468,1.3345,,
CLmF14,1,CU,LD,Male,0.477,1.321,1.312,0.787,0.477,1.3165,,
CLmF15,1,CU,LD,Male,0.497,1.31,1.296,0.751,0.391,1.303,,
MHfF1,1,MB,HD,Female,0.42,1.078,1.061,0.583,0.402,1.0695,,
MHfF2,1,MB,HD,Female,0.354,1.063,1.055,0.622,0.351,1.059,,
MHfF3,1,MB,HD,Female,0.351,1.07,1.08,0.6,0.341,1.075,,
MHfF4,1,MB,HD,Female,0.399,1.082,1.15,0.645,0.329,1.116,,
MHfF5,1,MB,HD,Female,0.309,1.139,1.117,0.675,0.345,1.128,,
MHfF6,1,MB,HD,Female,0.397,1.159,1.156,0.651,0.338,1.1575,,
MHfF7,1,MB,HD,Female,0.282,1.22,1.259,0.773,0.378,1.2395,,
MHfF8,1,MB,HD,Female,0.404,1.171,1.214,0.782,0.37,1.1925,,
MHfF9,1,MB,HD,Female,0.416,1.246,1.268,0.726,0.368,1.257,,
MHfF10,1,MB,HD,Female,0.361,1.22,1.199,0.705,0.339,1.2095,,
MHfF11,1,MB,HD,Female,0.407,1.152,1.099,0.652,0.378,1.1255,,
MHfF12,1,MB,HD,Female,0.477,1.342,1.327,0.786,0.405,1.3345,,
MHfF13,1,MB,HD,Female,0.37,1.144,1.111,0.645,0.334,1.1275,,
MHfF14,1,MB,HD,Female,0.406,0.995,1.053,0.648,0.354,1.024,,
MHfF15,1,MB,HD,Female,0.37,1.081,1.092,0.676,0.415,1.0865,,
MHmF1,1,MB,HD,Male,0.425,1.107,1.131,0.655,0.493,1.119,,
MHmF2,1,MB,HD,Male,0.387,1.08,1.02,0.564,0.393,1.05,,
MHmF3,1,MB,HD,Male,0.37,1.091,1.14,0.655,0.369,1.1155,,
MHmF4,1,MB,HD,Male,0.432,1.189,1.21,0.667,0.369,1.1995,,
MHmF5,1,MB,HD,Male,0.391,1.156,1.114,0.705,0.422,1.135,,
MHmF6,1,MB,HD,Male,0.369,0.952,0.972,0.601,0.31,0.962,,
MHmF7,1,MB,HD,Male,0.36,1.045,1.067,0.565,0.401,1.056,,
MHmF8,1,MB,HD,Male,0.323,1.056,1.063,0.618,0.393,1.0595,,
MHmF9,1,MB,HD,Male,0.374,1.062,1.075,0.591,0.323,1.0685,,
MHmF10,1,MB,HD,Male,0.35,0.984,1.02,0.6,0.371,1.002,,
MHmF11,1,MB,HD,Male,0.414,1.006,1.082,0.575,0.328,1.044,,
MHmF12,1,MB,HD,Male,0.33,0.911,0.963,0.531,0.302,0.937,,
MHmF13,1,MB,HD,Male,0.408,0.959,0.954,0.533,0.325,0.9565,,
MHmF14,1,MB,HD,Male,0.485,0.991,1.008,0.515,0.321,0.9995,,
MHmF15,1,MB,HD,Male,0.359,1.044,1.035,0.615,0.357,1.0395,,
MIfF1,1,MB,ID,Female,0.46,1.347,1.371,0.803,0.373,1.359,,
MIfF2,1,MB,ID,Female,0.467,1.232,1.218,0.762,0.38,1.225,,
MIfF3,1,MB,ID,Female,0.472,1.283,1.271,0.792,0.402,1.277,,
MIfF4,1,MB,ID,Female,0.477,1.292,1.3,0.827,0.385,1.296,,
MIfF5,1,MB,ID,Female,0.517,1.313,1.283,0.817,0.387,1.298,,
MIfF6,1,MB,ID,Female,0.497,1.335,1.311,0.816,0.453,1.323,,
MIfF7,1,MB,ID,Female,0.492,1.342,1.342,0.835,0.412,1.342,,
MIfF8,1,MB,ID,Female,0.425,1.278,1.3,0.744,0.435,1.289,,
MIfF9,1,MB,ID,Female,0.455,1.326,1.31,0.771,0.388,1.318,,
MIfF10,1,MB,ID,Female,0.499,1.358,1.334,0.801,0.451,1.346,,
MIfF11,1,MB,ID,Female,0.483,1.322,1.324,0.812,0.427,1.323,,
MIfF12,1,MB,ID,Female,0.655,1.412,1.415,0.819,0.455,1.4135,,
MIfF13,1,MB,ID,Female,0.515,1.335,1.325,0.767,0.456,1.33,,
MIfF14,1,MB,ID,Female,0.478,1.369,1.381,0.822,0.437,1.375,,
MIfF15,1,MB,ID,Female,0.587,1.338,1.316,0.774,0.551,1.327,,
MImF1,1,MB,ID,Male,0.526,1.258,1.27,0.768,0.473,1.264,,
MImF2,1,MB,ID,Male,0.485,1.19,1.238,0.744,0.433,1.214,,
MImF3,1,MB,ID,Male,0.427,1.145,1.18,0.684,0.43,1.1625,,
MImF4,1,MB,ID,Male,0.471,1.232,1.242,0.766,0.445,1.237,,
MImF5,1,MB,ID,Male,0.492,1.211,1.203,0.723,0.464,1.207,,
MImF6,1,MB,ID,Male,0.433,1.147,1.148,0.606,0.401,1.1475,,
MImF7,1,MB,ID,Male,0.448,1.123,1.112,0.64,0.388,1.1175,,
MImF8,1,MB,ID,Male,0.44,1.213,1.184,0.632,0.41,1.1985,,
MImF9,1,MB,ID,Male,0.395,1.183,1.181,0.643,0.415,1.182,,
MImF10,1,MB,ID,Male,0.488,1.167,1.168,0.717,0.378,1.1675,,
MImF11,1,MB,ID,Male,0.456,1.111,1.059,0.673,0.418,1.085,,
MImF12,1,MB,ID,Male,0.428,1.117,1.167,0.678,0.401,1.142,,
MImF13,1,MB,ID,Male,0.514,1.342,1.311,0.773,0.464,1.3265,,
MImF14,1,MB,ID,Male,0.453,1.295,1.302,0.727,0.458,1.2985,,
MImF15,1,MB,ID,Male,0.497,1.23,1.218,0.68,0.411,1.224,,
MLfF1,1,MB,LD,Female,0.504,1.6,1.617,0.964,0.491,1.6085,,
MLfF2,1,MB,LD,Female,0.571,1.595,1.602,0.93,0.539,1.5985,,
MLfF3,1,MB,LD,Female,0.547,1.511,1.534,0.974,0.503,1.5225,,
MLfF4,1,MB,LD,Female,0.522,1.534,1.501,0.946,0.489,1.5175,,
MLfF5,1,MB,LD,Female,0.545,1.528,1.567,0.933,0.499,1.5475,,
MLfF7,1,MB,LD,Female,0.579,1.638,1.61,0.962,0.55,1.624,,
MLfF8,1,MB,LD,Female,0.501,1.556,1.521,0.951,0.525,1.5385,,
MLfF9,1,MB,LD,Female,0.568,1.557,1.591,1.054,0.515,1.574,,
MLfF10,1,MB,LD,Female,0.557,1.602,1.57,1.049,0.521,1.586,,
MLfF11,1,MB,LD,Female,0.594,1.623,1.631,0.923,0.512,1.627,,
MLfF12,1,MB,LD,Female,0.566,1.555,1.571,0.929,0.532,1.563,,
MLfF13,1,MB,LD,Female,0.577,1.474,1.491,1.024,0.542,1.4825,,
MLfF14,1,MB,LD,Female,0.587,1.552,1.555,0.948,0.469,1.5535,,
MLfF15,1,MB,LD,Female,0.59,1.572,1.613,0.985,0.534,1.5925,,
MLfF16,1,MB,LD,Female,0.572,1.597,1.614,1.059,0.523,1.6055,,
MLmF1,1,MB,LD,Male,0.49,1.431,1.369,0.877,0.512,1.4,,
MLmF2,1,MB,LD,Male,0.566,1.468,1.431,0.865,0.501,1.4495,,
MLmF3,1,MB,LD,Male,0.694,1.388,1.374,0.867,0.333,1.381,,
MLmF4,1,MB,LD,Male,0.492,1.331,1.337,0.865,0.446,1.334,,
MLmF5,1,MB,LD,Male,0.456,1.362,1.37,0.889,0.517,1.366,,
MLmF6,1,MB,LD,Male,0.679,1.42,1.393,0.895,0.574,1.4065,,
MLmF7,1,MB,LD,Male,0.519,1.251,1.291,0.784,0.428,1.271,,
MLmF8,1,MB,LD,Male,0.567,1.416,1.401,0.79,0.444,1.4085,,
MLmF9,1,MB,LD,Male,0.556,1.341,1.342,0.857,0.488,1.3415,,
MLmF10,1,MB,LD,Male,0.593,1.395,1.389,0.917,0.515,1.392,,
MLmF11,1,MB,LD,Male,0.598,1.343,1.327,0.872,0.508,1.335,,
MLmF12,1,MB,LD,Male,0.541,1.372,1.345,0.848,0.514,1.3585,,
MLmF13,1,MB,LD,Male,0.532,1.392,1.381,0.9,0.574,1.3865,,
MLmF14,1,MB,LD,Male,0.512,1.395,1.4,0.887,0.475,1.3975,,
MLmF15,1,MB,LD,Male,0.55,1.339,1.374,0.836,0.542,1.3565,,
CHfF1,2,CU,HD,Female,0.363,1.155,1.174,0.668,0.3,1.1645,,
CHfF2,2,CU,HD,Female,0.367,1.062,1.05,0.673,0.275,1.056,,
CHfF3,2,CU,HD,Female,0.349,1.099,1.104,0.679,0.327,1.1015,,
CHfF4,2,CU,HD,Female,0.292,1.102,1.062,0.708,0.32,1.082,,
CHfF5,2,CU,HD,Female,0.44,1.009,0.992,0.635,0.288,1.0005,,
CHfF6,2,CU,HD,Female,0.418,1.09,1.134,0.643,0.343,1.112,,
CHfF7,2,CU,HD,Female,0.319,1.072,1.07,0.643,0.315,1.071,,
CHfF8,2,CU,HD,Female,0.344,1.033,1.056,0.625,0.311,1.0445,,
CHfF9,2,CU,HD,Female,0.407,1.086,1.067,0.65,0.291,1.0765,,
CHfF10,2,CU,HD,Female,0.365,1.113,1.099,0.649,0.345,1.106,,
CHfF11,2,CU,HD,Female,0.441,1.067,1.099,0.733,0.334,1.083,,
CHfF12,2,CU,HD,Female,0.428,1.123,1.131,0.685,0.342,1.127,,
CHfF13,2,CU,HD,Female,0.445,1.164,1.158,0.86,0.348,1.161,,
CHfF14,2,CU,HD,Female,0.336,1.102,1.114,0.693,0.339,1.108,,
CHfF15,2,CU,HD,Female,0.364,1.119,1.149,0.703,0.343,1.134,,
CHmF1,2,CU,HD,Male,0.29,1.012,1.069,0.653,0.339,1.0405,,
CHmF2,2,CU,HD,Male,0.345,0.939,0.923,0.577,0.339,0.931,,
CHmF3,2,CU,HD,Male,0.339,1.016,1.055,0.68,0.342,1.0355,,
CHmF4,2,CU,HD,Male,0.411,1.011,0.979,0.66,0.33,0.995,,
CHmF5,2,CU,HD,Male,0.4,1.008,1.039,0.605,0.335,1.0235,,
CHmF6,2,CU,HD,Male,0.447,0.912,0.958,0.62,0.315,0.935,,
CHmF7,2,CU,HD,Male,0.304,0.969,1.021,0.623,0.365,0.995,,
CHmF8,2,CU,HD,Male,0.327,0.957,0.98,0.621,0.305,0.9685,,
CHmF9,2,CU,HD,Male,0.236,0.886,0.907,0.563,0.264,0.8965,,
CHmF10,2,CU,HD,Male,0.409,1.03,1.056,0.645,0.319,1.043,,
CHmF11,2,CU,HD,Male,0.443,0.973,1.011,0.55,0.296,0.992,,
CHmF12,2,CU,HD,Male,0.389,0.926,0.954,0.616,0.315,0.94,,
CHmF13,2,CU,HD,Male,0.275,1.048,1.043,0.619,0.316,1.0455,,
CHmF14,2,CU,HD,Male,0.349,1.043,0.992,0.7,0.335,1.0175,,
CHmF15,2,CU,HD,Male,0.459,0.942,0.974,0.606,0.302,0.958,,
CIfF1,2,CU,ID,Female,0.435,1.226,1.224,0.733,0.414,1.225,,
CIfF2,2,CU,ID,Female,0.374,1.241,1.26,0.745,0.341,1.2505,,
CIfF3,2,CU,ID,Female,0.407,1.126,1.219,0.687,0.368,1.1725,,
CIfF4,2,CU,ID,Female,0.446,1.192,1.236,0.79,0.39,1.214,,
CIfF5,2,CU,ID,Female,0.396,1.235,1.293,0.747,0.389,1.264,,
CIfF6,2,CU,ID,Female,0.417,1.214,1.253,0.666,0.413,1.2335,,
CIfF7,2,CU,ID,Female,0.379,1.27,1.295,0.852,0.397,1.2825,,
CIfF8,2,CU,ID,Female,0.413,1.283,1.265,0.767,0.376,1.274,,
CIfF9,2,CU,ID,Female,0.464,1.297,1.235,0.778,0.413,1.266,,
CIfF10,2,CU,ID,Female,0.385,1.209,1.209,0.782,0.374,1.209,,
CIfF11,2,CU,ID,Female,0.448,1.213,1.244,0.838,0.389,1.2285,,
CIfF12,2,CU,ID,Female,0.485,1.264,1.286,0.803,0.376,1.275,,
CIfF13,2,CU,ID,Female,0.44,1.314,1.306,0.86,0.431,1.31,,
CIfF14,2,CU,ID,Female,0.393,1.239,1.275,0.689,0.411,1.257,,
CIfF15,2,CU,ID,Female,0.471,1.145,1.205,0.74,0.349,1.175,,
CImF1,2,CU,ID,Male,0.448,1.11,1.129,0.741,0.378,1.1195,,
CImF2,2,CU,ID,Male,0.409,1.057,1.148,0.75,0.384,1.1025,,
CImF3,2,CU,ID,Male,0.384,1.138,1.123,0.683,0.319,1.1305,,
CImF4,2,CU,ID,Male,0.462,1.099,1.115,0.717,0.381,1.107,,
CImF5,2,CU,ID,Male,0.495,1.147,1.154,0.772,0.429,1.1505,,
CImF6,2,CU,ID,Male,0.462,1.189,1.222,0.83,0.411,1.2055,,
CImF7,2,CU,ID,Male,0.397,1.05,1.063,0.646,0.305,1.0565,,
CImF8,2,CU,ID,Male,0.395,1.017,0.998,0.629,0.329,1.0075,,
CImF9,2,CU,ID,Male,0.453,1.161,1.145,0.761,0.353,1.153,,
CImF10,2,CU,ID,Male,0.472,1.165,1.133,0.795,0.379,1.149,,
CImF11,2,CU,ID,Male,0.396,1.185,1.209,0.694,0.364,1.197,,
CImF12,2,CU,ID,Male,0.413,1.126,1.138,0.675,0.347,1.132,,
CImF13,2,CU,ID,Male,0.322,1.035,1,0.645,0.399,1.0175,,
CImF14,2,CU,ID,Male,0.319,1.101,1.084,0.586,0.328,1.0925,,
CImF15,2,CU,ID,Male,0.484,1.171,1.192,0.674,0.396,1.1815,,
CLfF1,2,CU,LD,Female,0.436,1.574,1.554,1.103,0.484,1.564,,
CLfF2,2,CU,LD,Female,0.575,1.577,1.496,1.042,0.477,1.5365,,
CLfF3,2,CU,LD,Female,0.529,1.501,1.525,1.061,0.449,1.513,,
CLfF4,2,CU,LD,Female,0.59,1.536,1.557,1.027,0.453,1.5465,,
CLfF5,2,CU,LD,Female,0.506,1.523,1.508,1.052,0.455,1.5155,,
CLfF6,2,CU,LD,Female,0.574,1.531,1.478,1.047,0.495,1.5045,,
CLfF7,2,CU,LD,Female,0.537,1.518,1.519,1.096,0.454,1.5185,,
CLfF8,2,CU,LD,Female,0.347,1.594,1.554,1.073,0.353,1.574,,
CLfF9,2,CU,LD,Female,0.587,1.546,1.568,1.094,0.539,1.557,,
CLfF10,2,CU,LD,Female,0.513,1.492,1.49,0.956,0.414,1.491,,
CLfF11,2,CU,LD,Female,0.542,1.576,1.576,1.02,0.484,1.576,,
CLfF12,2,CU,LD,Female,0.519,1.509,1.485,0.978,0.457,1.497,,
CLfF13,2,CU,LD,Female,0.574,1.575,1.553,1.033,0.488,1.564,,
CLfF14,2,CU,LD,Female,0.393,1.526,1.499,0.986,0.407,1.5125,,
CLfF15,2,CU,LD,Female,0.563,1.49,1.51,1.027,0.497,1.5,,
CLmF1,2,CU,LD,Male,0.514,1.418,1.326,0.957,0.473,1.372,,
CLmF2,2,CU,LD,Male,0.463,1.353,1.282,0.826,0.42,1.3175,,
CLmF3,2,CU,LD,Male,0.497,1.303,1.32,0.954,0.486,1.3115,,
CLmF4,2,CU,LD,Male,0.473,1.327,1.328,0.889,0.451,1.3275,,
CLmF5,2,CU,LD,Male,0.451,1.319,1.382,0.874,0.448,1.3505,,
CLmF6,2,CU,LD,Male,0.483,1.291,1.382,0.946,0.407,1.3365,,
CLmF7,2,CU,LD,Male,0.462,1.399,1.407,0.919,0.491,1.403,,
CLmF8,2,CU,LD,Male,0.522,1.376,1.329,0.829,0.455,1.3525,,
CLmF9,2,CU,LD,Male,0.507,1.374,1.412,0.887,0.472,1.393,,
CLmF10,2,CU,LD,Male,0.532,1.381,1.472,0.932,0.47,1.4265,,
CLmF11,2,CU,LD,Male,0.457,1.25,1.337,0.886,0.356,1.2935,,
CLmF12,2,CU,LD,Male,0.542,1.295,1.284,0.93,0.469,1.2895,,
CLmF13,2,CU,LD,Male,0.488,1.335,1.407,0.903,0.432,1.371,,
CLmF14,2,CU,LD,Male,0.51,1.355,1.415,0.893,0.456,1.385,,
CLmF15,2,CU,LD,Male,0.474,1.368,1.303,0.86,0.439,1.3355,,
MHfF1,2,MB,HD,Female,0.35,0.833,0.845,0.6,0.281,0.839,,
MHfF2,2,MB,HD,Female,0.42,1.047,1.065,0.63,0.336,1.056,,
MHfF3,2,MB,HD,Female,0.357,1.037,1.026,0.708,0.3,1.0315,,
MHfF4,2,MB,HD,Female,0.28,1.012,0.991,0.65,0.33,1.0015,,
MHfF5,2,MB,HD,Female,0.38,0.879,0.834,0.619,0.306,0.8565,,
MHfF6,2,MB,HD,Female,0.371,0.984,0.997,0.628,0.311,0.9905,,
MHfF7,2,MB,HD,Female,0.432,1.108,1.16,0.741,0.362,1.134,,
MHfF8,2,MB,HD,Female,0.344,0.988,1.012,0.638,0.28,1,,
MHfF9,2,MB,HD,Female,0.398,1.001,0.965,0.577,0.273,0.983,,
MHfF10,2,MB,HD,Female,0.321,0.958,0.947,0.594,0.341,0.9525,,
MHfF11,2,MB,HD,Female,0.29,0.962,1.034,0.615,0.306,0.998,,
MHfF12,2,MB,HD,Female,0.354,0.999,1.007,0.683,0.294,1.003,,
MHfF13,2,MB,HD,Female,0.441,0.961,0.996,0.551,0.292,0.9785,,
MHfF14,2,MB,HD,Female,0.389,0.971,1.001,0.599,0.426,0.986,,
MHfF15,2,MB,HD,Female,0.337,0.896,0.952,0.609,0.308,0.924,,
MHmF1,2,MB,HD,Male,0.371,0.905,0.96,0.582,0.28,0.9325,,
MHmF2,2,MB,HD,Male,0.381,0.845,0.897,0.592,0.373,0.871,,
MHmF3,2,MB,HD,Male,0.402,0.917,0.92,0.574,0.305,0.9185,,
MHmF4,2,MB,HD,Male,0.342,0.978,1.002,0.612,0.316,0.99,,
MHmF5,2,MB,HD,Male,0.464,0.913,0.933,0.476,0.291,0.923,,
MHmF6,2,MB,HD,Male,0.341,0.94,0.964,0.593,0.286,0.952,,
MHmF7,2,MB,HD,Male,0.386,1.002,1.026,0.693,0.386,1.014,,
MHmF8,2,MB,HD,Male,0.427,0.93,0.967,0.585,0.316,0.9485,,
MHmF9,2,MB,HD,Male,0.312,0.917,0.927,0.563,0.341,0.922,,
MHmF10,2,MB,HD,Male,0.397,1.02,1.03,0.676,0.348,1.025,,
MHmF11,2,MB,HD,Male,0.413,1,1.064,0.652,0.319,1.032,,
MHmF12,2,MB,HD,Male,0.299,0.982,0.998,0.56,0.303,0.99,,
MHmF13,2,MB,HD,Male,0.388,0.864,0.914,0.55,0.333,0.889,,
MHmF14,2,MB,HD,Male,0.351,0.917,0.938,0.571,0.323,0.9275,,
MHmF15,2,MB,HD,Male,0.413,0.904,0.922,0.571,0.247,0.913,,
MIfF1,2,MB,ID,Female,0.331,1.009,1.052,0.585,0.323,1.0305,,
MIfF2,2,MB,ID,Female,0.437,1.05,1.032,0.679,0.32,1.041,,
MIfF3,2,MB,ID,Female,0.413,1.068,1.067,0.736,0.312,1.0675,,
MIfF4,2,MB,ID,Female,0.525,1.144,1.167,0.79,0.362,1.1555,,
MIfF5,2,MB,ID,Female,0.383,1.141,1.135,0.713,0.346,1.138,,
MIfF6,2,MB,ID,Female,0.431,1.176,1.183,0.806,0.349,1.1795,,
MIfF7,2,MB,ID,Female,0.415,1.018,1.092,0.776,0.354,1.055,,
MIfF8,2,MB,ID,Female,0.454,1.133,1.146,0.823,0.385,1.1395,,
MIfF9,2,MB,ID,Female,0.375,1.145,1.175,0.789,0.359,1.16,,
MIfF10,2,MB,ID,Female,0.473,1.157,1.007,0.859,0.313,1.082,,
MIfF11,2,MB,ID,Female,0.35,1.138,1.136,0.749,0.373,1.137,,
MIfF12,2,MB,ID,Female,0.392,1.04,1.107,0.685,0.306,1.0735,,
MIfF13,2,MB,ID,Female,0.333,0.962,1.009,0.615,0.3,0.9855,,
MIfF14,2,MB,ID,Female,0.434,1.131,1.11,0.741,0.365,1.1205,,
MIfF15,2,MB,ID,Female,0.401,1.109,1.117,0.604,0.349,1.113,,
MImF1,2,MB,ID,Male,0.441,1.048,1.039,0.685,0.404,1.0435,,
MImF2,2,MB,ID,Male,0.428,0.966,0.955,0.685,0.31,0.9605,,
MImF3,2,MB,ID,Male,0.465,1.025,1.073,0.658,0.363,1.049,,
MImF4,2,MB,ID,Male,0.365,1.074,1.067,0.675,0.329,1.0705,,
MImF5,2,MB,ID,Male,0.402,0.94,1.052,0.696,0.351,0.996,,
MImF6,2,MB,ID,Male,0.395,0.903,1.079,0.575,0.349,0.991,,
MImF7,2,MB,ID,Male,0.407,0.993,0.893,0.615,0.364,0.943,,
MImF8,2,MB,ID,Male,0.413,1.045,1.014,0.648,0.365,1.0295,,
MImF9,2,MB,ID,Male,0.375,1.057,1.045,0.61,0.334,1.051,,
MImF10,2,MB,ID,Male,0.418,1,1.07,0.632,0.331,1.035,,
MImF11,2,MB,ID,Male,0.444,1.029,1.026,0.57,0.354,1.0275,,
MImF12,2,MB,ID,Male,0.392,1.068,1.023,0.675,0.387,1.0455,,
MImF13,2,MB,ID,Male,0.406,0.962,1.142,0.604,0.389,1.052,,
MImF14,2,MB,ID,Male,0.365,0.937,1.006,0.644,0.374,0.9715,,
MImF15,2,MB,ID,Male,0.452,0.956,0.947,0.687,0.344,0.9515,,
MLfF1,2,MB,LD,Female,0.558,1.593,1.582,1.104,0.504,1.5875,,
MLfF2,2,MB,LD,Female,0.626,1.564,1.566,1.059,0.499,1.565,,
MLfF3,2,MB,LD,Female,0.523,1.552,1.556,1.091,0.5,1.554,,
MLfF4,2,MB,LD,Female,0.489,1.558,1.555,1.097,0.478,1.5565,,
MLfF5,2,MB,LD,Female,0.533,1.578,1.551,1.101,0.447,1.5645,,
MLfF7,2,MB,LD,Female,0.531,1.494,1.495,0.865,0.455,1.4945,,
MLfF8,2,MB,LD,Female,0.609,1.542,1.576,1.076,0.47,1.559,,
MLfF9,2,MB,LD,Female,0.533,1.54,1.533,0.989,0.419,1.5365,,
MLfF10,2,MB,LD,Female,0.603,1.566,1.567,1.058,0.464,1.5665,,
MLfF11,2,MB,LD,Female,0.612,1.509,1.49,1.09,0.465,1.4995,,
MLfF12,2,MB,LD,Female,0.547,1.596,1.562,1.072,0.537,1.579,,
MLfF13,2,MB,LD,Female,0.459,1.503,1.481,1.029,0.408,1.492,,
MLfF14,2,MB,LD,Female,0.554,1.576,1.584,1.085,0.503,1.58,,
MLfF15,2,MB,LD,Female,0.502,1.605,1.585,1.067,0.477,1.595,,
MLfF16,2,MB,LD,Female,0.54,1.557,1.522,1.061,0.456,1.5395,,
MLmF1,2,MB,LD,Male,0.454,1.379,1.326,0.854,0.475,1.3525,,
MLmF2,2,MB,LD,Male,0.525,1.354,1.337,0.885,0.477,1.3455,,
MLmF3,2,MB,LD,Male,0.586,1.38,1.353,0.923,0.487,1.3665,,
MLmF4,2,MB,LD,Male,0.566,1.322,1.323,0.898,0.475,1.3225,,
MLmF5,2,MB,LD,Male,0.548,1.312,1.346,0.957,0.477,1.329,,
MLmF6,2,MB,LD,Male,0.482,1.353,1.361,0.931,0.485,1.357,,
MLmF7,2,MB,LD,Male,0.479,1.319,1.297,0.868,0.423,1.308,,
MLmF8,2,MB,LD,Male,0.555,1.397,1.43,0.874,0.447,1.4135,,
MLmF9,2,MB,LD,Male,0.521,1.386,1.354,0.95,0.472,1.37,,
MLmF10,2,MB,LD,Male,0.477,1.399,1.397,0.861,0.472,1.398,,
MLmF11,2,MB,LD,Male,0.581,1.357,1.337,0.979,0.488,1.347,,
MLmF12,2,MB,LD,Male,0.506,1.339,1.327,0.884,0.464,1.333,,
MLmF13,2,MB,LD,Male,0.593,1.396,1.373,0.9,0.431,1.3845,,
MLmF14,2,MB,LD,Male,0.481,1.305,1.33,0.943,0.495,1.3175,,
MLmF15,2,MB,LD,Male,0.514,1.321,1.361,0.944,0.5,1.341,,
CHfF1,3,CU,HD,Female,0.442,1.168,1.174,0.74,0.362,1.171,,
CHfF2,3,CU,HD,Female,0.402,1.178,1.354,0.74,0.371,1.266,,
CHfF3,3,CU,HD,Female,0.377,1.186,1.197,0.66,0.294,1.1915,,
CHfF4,3,CU,HD,Female,0.362,1.165,1.194,0.673,0.356,1.1795,,
CHfF5,3,CU,HD,Female,0.363,1.069,1.077,0.675,0.333,1.073,,
CHfF6,3,CU,HD,Female,0.389,1.132,1.141,0.686,0.332,1.1365,,
CHfF7,3,CU,HD,Female,0.413,1.294,1.328,0.833,0.389,1.311,,
CHfF8,3,CU,HD,Female,0.465,1.082,1.075,0.666,0.341,1.0785,,
CHfF9,3,CU,HD,Female,0.383,1.133,1.122,0.696,0.326,1.1275,,
CHfF10,3,CU,HD,Female,0.413,1.327,1.327,0.799,0.376,1.327,,
CHfF11,3,CU,HD,Female,0.312,1.167,1.178,0.733,0.361,1.1725,,
CHfF12,3,CU,HD,Female,0.331,1.157,1.151,0.576,0.314,1.154,,
CHfF13,3,CU,HD,Female,0.311,0.982,1.038,0.682,0.323,1.01,,
CHfF14,3,CU,HD,Female,0.303,1.068,1.069,0.628,0.271,1.0685,,
CHfF15,3,CU,HD,Female,0.357,1.305,1.346,0.662,0.269,1.3255,,
CHmF1,3,CU,HD,Male,0.475,1.048,1.052,0.609,0.328,1.05,,
CHmF2,3,CU,HD,Male,0.381,1.034,1.042,0.629,0.316,1.038,,
CHmF3,3,CU,HD,Male,0.392,0.974,1.011,0.594,0.296,0.9925,,
CHmF4,3,CU,HD,Male,0.337,1.106,1.067,0.651,0.36,1.0865,,
CHmF5,3,CU,HD,Male,0.269,1.054,0.991,0.6,0.331,1.0225,,
CHmF6,3,CU,HD,Male,0.37,1.022,0.995,0.625,0.303,1.0085,,
CHmF7,3,CU,HD,Male,0.35,1.052,1.04,0.597,0.346,1.046,,
CHmF8,3,CU,HD,Male,0.356,0.995,0.968,0.6,0.319,0.9815,,
CHmF9,3,CU,HD,Male,0.339,1.033,1.055,0.631,0.256,1.044,,
CHmF10,3,CU,HD,Male,0.339,1.011,0.992,0.607,0.325,1.0015,,
CHmF11,3,CU,HD,Male,0.377,1.126,1.084,0.633,0.336,1.105,,
CHmF12,3,CU,HD,Male,0.502,1.08,1.097,0.692,0.361,1.0885,,
CHmF13,3,CU,HD,Male,0.366,1.067,1.058,0.602,0.346,1.0625,,
CHmF14,3,CU,HD,Male,0.292,1.101,1.078,0.703,0.308,1.0895,,
CHmF15,3,CU,HD,Male,0.389,1.154,1.169,0.756,0.387,1.1615,,
CIfF1,3,CU,ID,Female,0.532,1.332,1.305,0.954,0.402,1.3185,,
CIfF2,3,CU,ID,Female,0.421,1.276,1.269,0.785,0.399,1.2725,,
CIfF3,3,CU,ID,Female,0.386,1.288,1.281,0.811,0.374,1.2845,,
CIfF4,3,CU,ID,Female,0.48,1.36,1.316,0.807,0.411,1.338,,
CIfF5,3,CU,ID,Female,0.383,1.255,1.244,0.729,0.403,1.2495,,
CIfF6,3,CU,ID,Female,0.434,1.272,1.272,0.817,0.385,1.272,,
CIfF7,3,CU,ID,Female,0.383,1.415,1.354,0.882,0.399,1.3845,,
CIfF8,3,CU,ID,Female,0.462,1.354,1.396,0.92,0.418,1.375,,
CIfF9,3,CU,ID,Female,0.455,1.328,1.33,0.828,0.413,1.329,,
CIfF10,3,CU,ID,Female,0.421,1.261,1.271,0.991,0.387,1.266,,
CIfF11,3,CU,ID,Female,0.415,1.241,1.211,0.796,0.41,1.226,,
CIfF12,3,CU,ID,Female,0.422,1.294,1.256,0.787,0.362,1.275,,
CIfF13,3,CU,ID,Female,0.441,1.271,1.252,0.812,0.353,1.2615,,
CIfF14,3,CU,ID,Female,0.413,1.17,1.151,0.761,0.413,1.1605,,
CIfF15,3,CU,ID,Female,0.409,1.263,1.258,0.688,0.379,1.2605,,
CImF1,3,CU,ID,Male,0.38,1.133,1.119,0.672,0.32,1.126,,
CImF2,3,CU,ID,Male,0.391,1.177,1.158,0.715,0.412,1.1675,,
CImF3,3,CU,ID,Male,0.394,1.074,1.168,0.642,0.405,1.121,,
CImF4,3,CU,ID,Male,0.338,1.131,1.144,0.666,0.406,1.1375,,
CImF5,3,CU,ID,Male,0.369,1.159,1.135,0.699,0.37,1.147,,
CImF6,3,CU,ID,Male,0.487,1.143,1.101,0.716,0.382,1.122,,
CImF7,3,CU,ID,Male,0.429,1.204,1.138,0.762,0.317,1.171,,
CImF8,3,CU,ID,Male,0.341,1.096,1.038,0.607,0.347,1.067,,
CImF9,3,CU,ID,Male,0.338,1.22,1.187,0.727,0.33,1.2035,,
CImF10,3,CU,ID,Male,0.471,1.423,1.465,0.991,0.427,1.444,,
CImF11,3,CU,ID,Male,0.418,1.283,1.263,0.762,0.422,1.273,,
CImF12,3,CU,ID,Male,0.402,1.255,1.269,0.83,0.405,1.262,,
CImF13,3,CU,ID,Male,0.376,1.231,1.19,0.81,0.366,1.2105,,
CImF14,3,CU,ID,Male,0.353,1.169,1.128,0.715,0.345,1.1485,,
CImF15,3,CU,ID,Male,0.416,1.152,1.137,0.751,0.375,1.1445,,
CLfF1,3,CU,LD,Female,0.508,1.577,1.617,1.092,0.481,1.597,,
CLfF2,3,CU,LD,Female,0.533,1.488,1.47,1.083,0.461,1.479,,
CLfF3,3,CU,LD,Female,0.536,1.51,1.512,1.062,0.476,1.511,,
CLfF4,3,CU,LD,Female,0.52,1.567,1.568,1.051,0.477,1.5675,,
CLfF5,3,CU,LD,Female,0.547,1.539,1.557,1.078,0.469,1.548,,
CLfF6,3,CU,LD,Female,0.466,1.475,1.502,0.977,0.471,1.4885,,
CLfF7,3,CU,LD,Female,0.578,1.589,1.627,1.073,0.474,1.608,,
CLfF8,3,CU,LD,Female,0.423,1.589,1.597,1.031,0.412,1.593,,
CLfF9,3,CU,LD,Female,0.51,1.564,1.588,1.067,0.486,1.576,,
CLfF10,3,CU,LD,Female,0.536,1.54,1.556,1.028,0.484,1.548,,
CLfF11,3,CU,LD,Female,0.541,1.553,1.553,0.99,0.464,1.553,,
CLfF12,3,CU,LD,Female,0.493,1.529,1.533,0.988,0.486,1.531,,
CLfF13,3,CU,LD,Female,0.507,1.52,1.591,0.997,0.464,1.5555,,
CLfF14,3,CU,LD,Female,0.431,1.558,1.567,1.001,0.485,1.5625,,
CLfF15,3,CU,LD,Female,0.566,1.454,1.488,1.019,0.469,1.471,,
CLmF1,3,CU,LD,Male,0.512,1.301,1.303,0.887,0.454,1.302,,
CLmF2,3,CU,LD,Male,0.518,1.325,1.367,0.911,0.481,1.346,,
CLmF3,3,CU,LD,Male,0.531,1.316,1.297,0.913,0.46,1.3065,,
CLmF4,3,CU,LD,Male,0.543,1.362,1.339,0.917,0.469,1.3505,,
CLmF5,3,CU,LD,Male,0.532,1.345,1.334,0.897,0.444,1.3395,,
CLmF6,3,CU,LD,Male,0.507,1.352,1.376,0.948,0.513,1.364,,
CLmF7,3,CU,LD,Male,0.547,1.382,1.392,0.897,0.508,1.387,,
CLmF8,3,CU,LD,Male,0.486,1.374,1.383,0.917,0.454,1.3785,,
CLmF9,3,CU,LD,Male,0.575,1.374,1.375,0.991,0.475,1.3745,,
CLmF10,3,CU,LD,Male,0.538,1.32,1.356,0.951,0.476,1.338,,
CLmF11,3,CU,LD,Male,0.578,1.287,1.284,0.888,0.437,1.2855,,
CLmF12,3,CU,LD,Male,0.552,1.404,1.406,0.941,0.428,1.405,,
CLmF13,3,CU,LD,Male,0.496,1.395,1.401,0.878,0.477,1.398,,
CLmF14,3,CU,LD,Male,0.553,1.374,1.413,0.864,0.455,1.3935,,
CLmF15,3,CU,LD,Male,0.522,1.329,1.355,0.908,0.45,1.342,,
MHfF1,3,MB,HD,Female,0.315,0.968,0.923,0.582,0.282,0.9455,,
MHfF2,3,MB,HD,Female,0.4,1.013,1.012,0.528,0.334,1.0125,,
MHfF3,3,MB,HD,Female,0.343,0.992,0.99,0.662,0.357,0.991,,
MHfF4,3,MB,HD,Female,0.336,0.923,0.936,0.653,0.338,0.9295,,
MHfF5,3,MB,HD,Female,0.311,0.97,0.968,0.613,0.328,0.969,,
MHfF6,3,MB,HD,Female,0.319,1.05,1.025,0.607,0.3,1.0375,,
MHfF7,3,MB,HD,Female,0.414,1.203,1.184,0.703,0.375,1.1935,,
MHfF8,3,MB,HD,Female,0.356,1.039,1.059,0.673,0.396,1.049,,
MHfF9,3,MB,HD,Female,0.319,1.035,1.015,0.609,0.28,1.025,,
MHfF10,3,MB,HD,Female,0.341,0.894,0.936,0.522,0.264,0.915,,
MHfF11,3,MB,HD,Female,0.359,0.947,0.94,0.52,0.333,0.9435,,
MHfF12,3,MB,HD,Female,0.3,0.98,0.943,0.55,0.295,0.9615,,
MHfF13,3,MB,HD,Female,0.331,0.974,1.034,0.66,0.288,1.004,,
MHfF14,3,MB,HD,Female,0.341,1.033,1.001,0.607,0.28,1.017,,
MHfF15,3,MB,HD,Female,0.39,1.189,1.05,0.702,0.379,1.1195,,
MHmF1,3,MB,HD,Male,0.273,1.006,1.013,0.628,0.335,1.0095,,
MHmF2,3,MB,HD,Male,0.419,1.098,1.111,0.751,0.363,1.1045,,
MHmF3,3,MB,HD,Male,0.397,1.014,1.011,0.661,0.301,1.0125,,
MHmF4,3,MB,HD,Male,0.383,1.117,1.075,0.587,0.369,1.096,,
MHmF5,3,MB,HD,Male,0.398,1.121,1.093,0.618,0.343,1.107,,
MHmF6,3,MB,HD,Male,0.35,1.006,0.993,0.587,0.285,0.9995,,
MHmF7,3,MB,HD,Male,0.36,0.955,0.964,0.599,0.329,0.9595,,
MHmF8,3,MB,HD,Male,0.412,1.198,1.211,0.658,0.395,1.2045,,
MHmF9,3,MB,HD,Male,0.354,1.015,0.989,0.605,0.327,1.002,,
MHmF10,3,MB,HD,Male,0.291,1.036,1.015,0.62,0.315,1.0255,,
MHmF11,3,MB,HD,Male,0.431,1.099,1.096,0.741,0.387,1.0975,,
MHmF12,3,MB,HD,Male,0.408,1.058,1.049,0.628,0.28,1.0535,,
MHmF13,3,MB,HD,Male,0.38,1.098,1.066,0.659,0.381,1.082,,
MHmF14,3,MB,HD,Male,0.423,1.008,0.988,0.61,0.278,0.998,,
MHmF15,3,MB,HD,Male,0.398,1.054,1.034,0.564,0.429,1.044,,
MIfF1,3,MB,ID,Female,0.454,1.123,1.159,0.696,0.398,1.141,,
MIfF2,3,MB,ID,Female,0.387,1.177,1.194,0.678,0.393,1.1855,,
MIfF3,3,MB,ID,Female,0.4,1.155,1.16,0.777,0.389,1.1575,,
MIfF4,3,MB,ID,Female,0.396,1.163,1.185,0.748,0.376,1.174,,
MIfF5,3,MB,ID,Female,0.464,1.301,1.33,0.824,0.398,1.3155,,
MIfF6,3,MB,ID,Female,0.421,1.211,1.209,0.758,0.374,1.21,,
MIfF7,3,MB,ID,Female,0.473,1.016,1.058,0.628,0.339,1.037,,
MIfF8,3,MB,ID,Female,0.365,1.144,1.078,0.589,0.389,1.111,,
MIfF9,3,MB,ID,Female,0.407,1.146,1.195,0.729,0.339,1.1705,,
MIfF10,3,MB,ID,Female,0.351,1.181,1.125,0.726,0.327,1.153,,
MIfF11,3,MB,ID,Female,0.422,1.231,1.22,0.809,0.44,1.2255,,
MIfF12,3,MB,ID,Female,0.397,1.117,1.103,0.642,0.341,1.11,,
MIfF13,3,MB,ID,Female,0.459,1.156,1.165,0.716,0.497,1.1605,,
MIfF14,3,MB,ID,Female,0.459,1.156,1.079,0.671,0.378,1.1175,,
MIfF15,3,MB,ID,Female,0.385,1.067,1.09,0.733,0.459,1.0785,,
MImF1,3,MB,ID,Male,0.445,1.076,1.053,0.642,0.398,1.0645,,
MImF2,3,MB,ID,Male,0.379,1.1,1.063,0.696,0.354,1.0815,,
MImF3,3,MB,ID,Male,0.449,1.005,1.003,0.671,0.362,1.004,,
MImF4,3,MB,ID,Male,0.397,1.093,1.102,0.66,0.394,1.0975,,
MImF5,3,MB,ID,Male,0.341,1.057,1.112,0.744,0.316,1.0845,,
MImF6,3,MB,ID,Male,0.408,1.092,1.135,0.67,0.353,1.1135,,
MImF7,3,MB,ID,Male,0.46,1.075,1.072,0.737,0.365,1.0735,,
MImF8,3,MB,ID,Male,0.383,1.084,1.066,0.551,0.386,1.075,,
MImF9,3,MB,ID,Male,0.408,1.051,1.043,0.648,0.352,1.047,,
MImF10,3,MB,ID,Male,0.341,0.963,0.921,0.583,0.334,0.942,,
MImF11,3,MB,ID,Male,0.339,0.966,0.927,0.598,0.339,0.9465,,
MImF12,3,MB,ID,Male,0.352,1.08,1.097,0.692,0.423,1.0885,,
MImF13,3,MB,ID,Male,0.398,1.089,1.058,0.678,0.376,1.0735,,
MImF14,3,MB,ID,Male,0.407,1.012,0.983,0.563,0.339,0.9975,,
MImF15,3,MB,ID,Male,0.418,1.111,1.132,0.656,0.332,1.1215,,
MLfF1,3,MB,LD,Female,0.536,1.54,1.536,1.041,0.462,1.538,,
MLfF2,3,MB,LD,Female,0.522,1.561,1.539,1.049,0.518,1.55,,
MLfF3,3,MB,LD,Female,0.494,1.481,1.472,1.048,0.482,1.4765,,
MLfF4,3,MB,LD,Female,0.561,1.575,1.544,0.93,0.462,1.5595,,
MLfF5,3,MB,LD,Female,0.539,1.552,1.511,1.023,0.462,1.5315,,
MLfF6,3,MB,LD,Female,0.544,1.455,1.498,1.017,0.477,1.4765,,
MLfF7,3,MB,LD,Female,0.518,1.506,1.525,1.006,0.492,1.5155,,
MLfF8,3,MB,LD,Female,0.483,1.422,1.528,0.967,0.407,1.475,,
MLfF9,3,MB,LD,Female,0.539,1.494,1.549,1.04,0.563,1.5215,,
MLfF10,3,MB,LD,Female,0.596,1.527,1.583,1.096,0.49,1.555,,
MLfF11,3,MB,LD,Female,0.536,1.582,1.563,0.984,0.511,1.5725,,
MLfF12,3,MB,LD,Female,0.532,1.483,1.575,1.053,0.485,1.529,,
MLfF13,3,MB,LD,Female,0.539,1.608,1.572,1.072,0.469,1.59,,
MLfF14,3,MB,LD,Female,0.546,1.516,1.502,1.026,0.483,1.509,,
MLfF15,3,MB,LD,Female,0.579,1.522,1.6,0.98,0.536,1.561,,
MLmF1,3,MB,LD,Male,0.464,1.332,1.297,0.871,0.438,1.3145,,
MLmF2,3,MB,LD,Male,0.587,1.325,1.33,0.924,0.407,1.3275,,
MLmF3,3,MB,LD,Male,0.479,1.321,1.331,0.87,0.463,1.326,,
MLmF4,3,MB,LD,Male,0.475,1.386,1.332,0.877,0.443,1.359,,
MLmF5,3,MB,LD,Male,0.566,1.313,1.341,0.914,0.455,1.327,,
MLmF6,3,MB,LD,Male,0.542,1.319,1.319,0.89,0.496,1.319,,
MLmF7,3,MB,LD,Male,0.473,1.323,1.362,0.924,0.451,1.3425,,
MLmF8,3,MB,LD,Male,0.53,1.355,1.342,0.86,0.447,1.3485,,
MLmF9,3,MB,LD,Male,0.504,1.266,1.346,0.938,0.429,1.306,,
MLmF10,3,MB,LD,Male,0.518,1.328,1.381,0.919,0.498,1.3545,,
MLmF11,3,MB,LD,Male,0.496,1.206,1.231,0.828,0.44,1.2185,,
MLmF12,3,MB,LD,Male,0.405,1.331,1.31,0.867,0.495,1.3205,,
MLmF13,3,MB,LD,Male,0.503,1.351,1.277,0.907,0.438,1.314,,
MLmF14,3,MB,LD,Male,0.459,1.278,1.371,0.856,0.445,1.3245,,
MLmF15,3,MB,LD,Male,0.456,1.331,1.332,0.86,0.451,1.3315,,
CHfF1,4,CU,HD,Female,0.321,1.038,1.05,0.629,0.274,1.044,,
CHfF2,4,CU,HD,Female,0.367,1.178,1.122,0.66,0.304,1.15,,
CHfF3,4,CU,HD,Female,0.34,0.982,0.981,0.654,0.394,0.9815,,
CHfF4,4,CU,HD,Female,0.366,1.009,1.018,0.663,0.332,1.0135,,
CHfF5,4,CU,HD,Female,0.415,1.097,1.087,0.651,0.34,1.092,,
CHfF6,4,CU,HD,Female,0.351,1.097,1.067,0.605,0.376,1.082,,
CHfF7,4,CU,HD,Female,0.38,1.15,1.146,0.715,0.355,1.148,,
CHfF8,4,CU,HD,Female,0.422,1.215,1.204,0.766,0.376,1.2095,,
CHfF9,4,CU,HD,Female,0.404,1.166,1.097,0.643,0.332,1.1315,,
CHfF10,4,CU,HD,Female,0.332,0.944,0.988,0.593,0.315,0.966,,
CHfF11,4,CU,HD,Female,0.272,0.936,0.911,0.495,0.295,0.9235,,
CHfF12,4,CU,HD,Female,0.422,1.117,1.089,0.719,0.373,1.103,,
CHfF13,4,CU,HD,Female,0.251,0.97,0.984,0.47,0.291,0.977,,
CHfF14,4,CU,HD,Female,0.418,1.125,1.103,0.769,0.34,1.114,,
CHfF15,4,CU,HD,Female,0.33,1.152,1.145,0.629,0.346,1.1485,,
CHmF1,4,CU,HD,Male,0.347,1.018,0.976,0.575,0.311,0.997,,
CHmF2,4,CU,HD,Male,0.367,0.924,0.882,0.51,0.327,0.903,,
CHmF3,4,CU,HD,Male,0.325,0.979,0.953,0.565,0.325,0.966,,
CHmF4,4,CU,HD,Male,0.407,1.02,1.038,0.606,0.317,1.029,,
CHmF5,4,CU,HD,Male,0.296,0.795,0.866,0.48,0.279,0.8305,,
CHmF6,4,CU,HD,Male,0.269,1.013,1,0.605,0.347,1.0065,,
CHmF7,4,CU,HD,Male,0.332,0.94,0.915,0.518,0.291,0.9275,,
CHmF8,4,CU,HD,Male,0.399,1.008,1.019,0.653,0.406,1.0135,,
CHmF9,4,CU,HD,Male,0.267,0.896,0.865,0.518,0.408,0.8805,,
CHmF10,4,CU,HD,Male,0.375,0.925,0.905,0.549,0.263,0.915,,
CHmF11,4,CU,HD,Male,0.404,1.006,0.954,0.575,0.321,0.98,,
CHmF12,4,CU,HD,Male,0.306,0.933,0.946,0.542,0.283,0.9395,,
CHmF13,4,CU,HD,Male,0.34,0.976,0.995,0.571,0.286,0.9855,,
CHmF14,4,CU,HD,Male,0.318,1.042,0.996,0.597,0.309,1.019,,
CHmF15,4,CU,HD,Male,0.439,1.151,1.113,0.694,0.382,1.132,,
CIfF1,4,CU,ID,Female,0.474,1.366,1.4,0.918,0.435,1.383,,
CIfF2,4,CU,ID,Female,0.403,1.235,1.262,0.801,0.383,1.2485,,
CIfF3,4,CU,ID,Female,0.504,1.398,1.352,0.881,0.456,1.375,,
CIfF4,4,CU,ID,Female,0.414,1.309,1.31,0.791,0.407,1.3095,,
CIfF5,4,CU,ID,Female,0.483,1.37,1.344,0.865,0.412,1.357,,
CIfF6,4,CU,ID,Female,0.45,1.343,1.358,0.866,0.414,1.3505,,
CIfF7,4,CU,ID,Female,0.442,1.288,1.269,0.802,0.399,1.2785,,
CIfF8,4,CU,ID,Female,0.516,1.404,1.392,0.859,0.43,1.398,,
CIfF9,4,CU,ID,Female,0.48,1.381,1.375,0.953,0.442,1.378,,
CIfF10,4,CU,ID,Female,0.433,1.274,1.262,0.709,0.4,1.268,,
CIfF11,4,CU,ID,Female,0.479,1.244,1.239,0.803,0.406,1.2415,,
CIfF12,4,CU,ID,Female,0.39,1.217,1.233,0.733,0.432,1.225,,
CIfF13,4,CU,ID,Female,0.451,1.348,1.305,0.879,0.429,1.3265,,
CIfF14,4,CU,ID,Female,0.424,1.345,1.305,0.793,0.432,1.325,,
CIfF15,4,CU,ID,Female,0.407,1.189,1.18,0.722,0.377,1.1845,,
CImF1,4,CU,ID,Male,0.484,1.236,1.192,0.617,0.398,1.214,,
CImF2,4,CU,ID,Male,0.402,1.073,1.102,0.73,0.406,1.0875,,
CImF3,4,CU,ID,Male,0.491,1.277,1.265,0.788,0.414,1.271,,
CImF4,4,CU,ID,Male,0.411,1.071,1.082,0.733,0.379,1.0765,,
CImF5,4,CU,ID,Male,0.453,1.242,1.222,0.757,0.418,1.232,,
CImF6,4,CU,ID,Male,0.435,1.193,1.189,0.696,0.367,1.191,,
CImF7,4,CU,ID,Male,0.418,1.163,1.162,0.756,0.392,1.1625,,
CImF8,4,CU,ID,Male,0.43,1.114,1.11,0.734,0.383,1.112,,
CImF9,4,CU,ID,Male,0.361,1.097,1.084,0.665,0.348,1.0905,,
CImF10,4,CU,ID,Male,0.451,1.159,1.155,0.7,0.421,1.157,,
CImF11,4,CU,ID,Male,0.334,1.112,1.101,0.639,0.418,1.1065,,
CImF12,4,CU,ID,Male,0.421,1.199,1.189,0.685,0.416,1.194,,
CImF13,4,CU,ID,Male,0.362,1.093,1.002,0.591,0.361,1.0475,,
CImF14,4,CU,ID,Male,0.391,1.048,1.038,0.625,0.382,1.043,,
CImF15,4,CU,ID,Male,0.436,1.163,1.137,0.682,0.482,1.15,,
CLfF1,4,CU,LD,Female,0.559,1.551,1.546,1.048,0.507,1.5485,,
CLfF2,4,CU,LD,Female,0.507,1.57,1.496,1.031,0.454,1.533,,
CLfF3,4,CU,LD,Female,0.525,1.466,1.511,1.058,0.515,1.4885,,
CLfF4,4,CU,LD,Female,0.518,1.623,1.603,1.048,0.505,1.613,,
CLfF5,4,CU,LD,Female,0.632,1.555,1.571,1.07,0.508,1.563,,
CLfF6,4,CU,LD,Female,0.544,1.542,1.566,1.043,0.504,1.554,,
CLfF7,4,CU,LD,Female,0.531,1.537,1.5,1.02,0.573,1.5185,,
CLfF8,4,CU,LD,Female,0.513,1.535,1.513,1.034,0.425,1.524,,
CLfF9,4,CU,LD,Female,0.516,1.533,1.526,1.027,0.492,1.5295,,
CLfF10,4,CU,LD,Female,0.493,1.606,1.601,1.087,0.527,1.6035,,
CLfF11,4,CU,LD,Female,0.544,1.592,1.568,1.033,0.485,1.58,,
CLfF12,4,CU,LD,Female,0.544,1.577,1.493,1.034,0.523,1.535,,
CLfF13,4,CU,LD,Female,0.617,1.569,1.524,1.06,0.471,1.5465,,
CLfF14,4,CU,LD,Female,0.534,1.528,1.492,1.036,0.503,1.51,,
CLfF15,4,CU,LD,Female,0.502,1.522,1.446,1.017,0.5,1.484,,
CLmF1,4,CU,LD,Male,0.504,1.362,1.378,0.827,0.522,1.37,,
CLmF2,4,CU,LD,Male,0.471,1.368,1.338,0.855,0.464,1.353,,
CLmF3,4,CU,LD,Male,0.496,1.378,1.327,0.918,0.464,1.3525,,
CLmF4,4,CU,LD,Male,0.562,1.339,1.323,0.894,0.428,1.331,,
CLmF5,4,CU,LD,Male,0.561,1.353,1.341,0.909,0.486,1.347,,
CLmF6,4,CU,LD,Male,0.507,1.349,1.366,0.859,0.485,1.3575,,
CLmF7,4,CU,LD,Male,0.531,1.355,1.335,0.851,0.481,1.345,,
CLmF8,4,CU,LD,Male,0.57,1.4,1.371,0.91,0.499,1.3855,,
CLmF9,4,CU,LD,Male,0.524,1.34,1.355,0.891,0.457,1.3475,,
CLmF10,4,CU,LD,Male,0.524,1.368,1.364,0.844,0.489,1.366,,
CLmF11,4,CU,LD,Male,0.54,1.358,1.315,0.861,0.49,1.3365,,
CLmF12,4,CU,LD,Male,0.522,1.41,1.388,0.919,0.457,1.399,,
CLmF13,4,CU,LD,Male,0.472,1.339,1.328,0.84,0.469,1.3335,,
CLmF14,4,CU,LD,Male,0.522,1.362,1.389,0.898,0.445,1.3755,,
CLmF15,4,CU,LD,Male,0.504,1.333,1.308,0.754,0.475,1.3205,,
MHfF1,4,MB,HD,Female,0.329,1.154,1.135,0.717,0.361,1.1445,,
MHfF2,4,MB,HD,Female,0.359,1.104,1.07,0.653,0.361,1.087,,
MHfF3,4,MB,HD,Female,0.379,1.213,1.204,0.721,0.348,1.2085,,
MHfF4,4,MB,HD,Female,0.38,1.143,1.131,0.737,0.361,1.137,,
MHfF5,4,MB,HD,Female,0.423,1.201,1.137,0.701,0.328,1.169,,
MHfF6,4,MB,HD,Female,0.364,1.153,1.166,0.646,0.381,1.1595,,
MHfF7,4,MB,HD,Female,0.352,1.113,1.115,0.718,0.341,1.114,,
MHfF8,4,MB,HD,Female,0.394,1.147,1.138,0.698,0.321,1.1425,,
MHfF9,4,MB,HD,Female,0.422,1.187,1.143,0.696,0.393,1.165,,
MHfF10,4,MB,HD,Female,0.408,1.078,1.109,0.647,0.345,1.0935,,
MHfF11,4,MB,HD,Female,0.435,1.272,1.275,0.739,0.331,1.2735,,
MHfF12,4,MB,HD,Female,0.396,1.23,1.253,0.763,0.455,1.2415,,
MHfF13,4,MB,HD,Female,0.491,1.171,1.168,0.669,0.403,1.1695,,
MHfF14,4,MB,HD,Female,0.55,1.199,1.182,0.708,0.409,1.1905,,
MHfF15,4,MB,HD,Female,0.428,1.235,1.29,0.787,0.409,1.2625,,
MHmF1,4,MB,HD,Male,0.386,1.066,1.045,0.644,0.374,1.0555,,
MHmF2,4,MB,HD,Male,0.323,0.918,1.038,0.584,0.321,0.978,,
MHmF3,4,MB,HD,Male,0.398,1.122,1.124,0.598,0.388,1.123,,
MHmF4,4,MB,HD,Male,0.462,1.045,1.047,0.603,0.479,1.046,,
MHmF5,4,MB,HD,Male,0.348,0.959,0.989,0.594,0.367,0.974,,
MHmF6,4,MB,HD,Male,0.348,1.062,1.084,0.619,0.385,1.073,,
MHmF7,4,MB,HD,Male,0.38,1.098,1.092,0.619,0.395,1.095,,
MHmF8,4,MB,HD,Male,0.422,0.986,1.034,0.646,0.471,1.01,,
MHmF9,4,MB,HD,Male,0.394,1.026,1.069,0.647,0.419,1.0475,,
MHmF10,4,MB,HD,Male,0.424,1.109,1.129,0.624,0.372,1.119,,
MHmF11,4,MB,HD,Male,0.398,1.15,1.143,0.664,0.387,1.1465,,
MHmF12,4,MB,HD,Male,0.452,1.118,1.103,0.663,0.391,1.1105,,
MHmF13,4,MB,HD,Male,0.454,1.027,1.028,0.606,0.363,1.0275,,
MHmF14,4,MB,HD,Male,0.423,1.17,1.142,0.642,0.362,1.156,,
MHmF15,4,MB,HD,Male,0.382,0.961,0.94,0.528,0.306,0.9505,,
MIfF1,4,MB,ID,Female,0.461,1.304,1.362,0.863,0.461,1.333,,
MIfF2,4,MB,ID,Female,0.473,1.331,1.3,0.83,0.437,1.3155,,
MIfF3,4,MB,ID,Female,0.463,1.234,1.306,0.808,0.412,1.27,,
MIfF4,4,MB,ID,Female,0.515,1.329,1.338,0.82,0.453,1.3335,,
MIfF5,4,MB,ID,Female,0.416,1.309,1.315,0.852,0.426,1.312,,
MIfF6,4,MB,ID,Female,0.474,1.279,1.323,0.83,0.405,1.301,,
MIfF7,4,MB,ID,Female,0.484,1.356,1.376,0.865,0.44,1.366,,
MIfF8,4,MB,ID,Female,0.436,1.231,1.22,0.778,0.399,1.2255,,
MIfF9,4,MB,ID,Female,0.464,1.281,1.284,0.838,0.386,1.2825,,
MIfF10,4,MB,ID,Female,0.515,1.557,1.551,0.915,0.471,1.554,,
MIfF11,4,MB,ID,Female,0.486,1.446,1.403,0.868,0.408,1.4245,,
MIfF12,4,MB,ID,Female,0.485,1.334,1.363,0.792,0.442,1.3485,,
MIfF13,4,MB,ID,Female,0.475,1.42,1.416,0.882,0.377,1.418,,
MIfF14,4,MB,ID,Female,0.301,1.372,1.353,0.783,0.338,1.3625,,
MIfF15,4,MB,ID,Female,0.394,1.247,1.285,0.744,0.42,1.266,,
MImF1,4,MB,ID,Male,0.428,1.174,1.16,0.73,0.416,1.167,,
MImF2,4,MB,ID,Male,0.441,1.141,1.118,0.667,0.393,1.1295,,
MImF3,4,MB,ID,Male,0.449,1.248,1.267,0.762,0.386,1.2575,,
MImF4,4,MB,ID,Male,0.429,1.146,1.257,0.677,0.423,1.2015,,
MImF5,4,MB,ID,Male,0.467,1.214,1.191,0.738,0.396,1.2025,,
MImF6,4,MB,ID,Male,0.519,1.266,1.308,0.79,0.452,1.287,,
MImF7,4,MB,ID,Male,0.493,1.131,1.158,0.643,0.398,1.1445,,
MImF8,4,MB,ID,Male,0.449,1.183,1.204,0.757,0.398,1.1935,,
MImF9,4,MB,ID,Male,0.322,1.165,1.132,0.7,0.332,1.1485,,
MImF10,4,MB,ID,Male,0.374,1.029,0.98,0.642,0.36,1.0045,,
MImF11,4,MB,ID,Male,0.374,1.196,1.161,0.719,0.416,1.1785,,
MImF12,4,MB,ID,Male,0.487,1.239,1.239,0.682,0.452,1.239,,
MImF13,4,MB,ID,Male,0.504,1.321,1.321,0.819,0.464,1.321,,
MImF14,4,MB,ID,Male,0.394,1.216,1.213,0.715,0.394,1.2145,,
MImF15,4,MB,ID,Male,0.461,1.228,1.208,0.751,0.38,1.218,,
MLfF1,4,MB,LD,Female,0.861,3.527,3.526,2.492,0.698,3.5265,,
MLfF2,4,MB,LD,Female,0.591,1.855,1.879,1.202,0.492,1.867,,
MLfF3,4,MB,LD,Female,0.547,1.535,1.536,1.006,0.521,1.5355,,
MLfF4,4,MB,LD,Female,0.336,2.03,2.005,1.41,0.441,2.0175,,
MLfF5,4,MB,LD,Female,0.609,1.614,1.604,1.162,0.55,1.609,,
MLfF7,4,MB,LD,Female,0.565,1.698,1.729,1.164,0.545,1.7135,,
MLfF8,4,MB,LD,Female,0.597,1.614,1.61,1.067,0.528,1.612,,
MLfF9,4,MB,LD,Female,0.551,1.515,1.532,1.032,0.508,1.5235,,
MLfF10,4,MB,LD,Female,0.557,1.622,1.575,1.056,0.548,1.5985,,
MLfF11,4,MB,LD,Female,0.532,1.535,1.554,1.072,0.509,1.5445,,
MLfF12,4,MB,LD,Female,0.58,1.574,1.641,1.043,0.504,1.6075,,
MLfF13,4,MB,LD,Female,0.591,1.567,1.588,1.164,0.543,1.5775,,
MLfF14,4,MB,LD,Female,0.655,1.772,1.807,1.187,0.549,1.7895,,
MLfF15,4,MB,LD,Female,0.589,1.64,1.592,1.144,0.535,1.616,,
MLfF16,4,MB,LD,Female,0.603,1.541,1.557,1.107,0.512,1.549,,
MLmF1,4,MB,LD,Male,0.581,1.707,1.718,1.169,0.548,1.7125,,
MLmF2,4,MB,LD,Male,0.551,1.458,1.466,0.941,0.445,1.462,,
MLmF3,4,MB,LD,Male,0.297,1.316,1.356,0.912,0.466,1.336,,
MLmF4,4,MB,LD,Male,0.557,1.319,1.346,0.894,0.451,1.3325,,
MLmF5,4,MB,LD,Male,0.603,1.31,1.303,0.905,0.47,1.3065,,
MLmF6,4,MB,LD,Male,0.36,1.464,1.377,0.925,0.488,1.4205,,
MLmF7,4,MB,LD,Male,0.57,1.545,1.472,1.004,0.489,1.5085,,
MLmF8,4,MB,LD,Male,0.591,1.457,1.42,0.978,0.506,1.4385,,
MLmF9,4,MB,LD,Male,0.594,1.589,1.597,1.052,0.492,1.593,,
MLmF10,4,MB,LD,Male,0.591,1.322,1.336,0.881,0.501,1.329,,
MLmF11,4,MB,LD,Male,0.441,1.391,1.422,0.971,0.459,1.4065,,
MLmF12,4,MB,LD,Male,0.525,1.41,1.39,0.898,0.478,1.4,,
MLmF13,4,MB,LD,Male,0.626,1.444,1.422,0.992,0.539,1.433,,
MLmF14,4,MB,LD,Male,0.579,1.405,1.451,0.993,0.448,1.428,,
MLmF15,4,MB,LD,Male,0.601,1.349,1.422,0.93,0.455,1.3855,,
